[
  {
    "id": "pack1",
    "type": "regular",
    "name": "정규 부스터 1탄",
    "pricePerPack": 1000,
    "cardsPerPack": 4,
    "packsPerBox": 30,
    "boxesPerCarton": 40,
    "cardPool": [
      { "id": "0001", "rarity": "SR" },
      { "id": "0002", "rarity": "EX" }
    ]
  },
  {
    "id": "pack2",
    "type": "regular",
    "name": "정규 부스터 2탄",
    "pricePerPack": 1000,
    "cardsPerPack": 4,
    "packsPerBox": 30,
    "boxesPerCarton": 40,
    "cardPool": [
      { "id": "1001", "rarity": "SR" },
      { "id": "1002", "rarity": "EX" }
    ]
  },
  {
    "id": "pack3",
    "type": "regular",
    "name": "정규 부스터 3탄",
    "pricePerPack": 1000,
    "cardsPerPack": 4,
    "packsPerBox": 30,
    "boxesPerCarton": 40,
    "cardPool": [
      { "id": "2001", "rarity": "SR" },
      { "id": "2002", "rarity": "EX" }
    ]
  },
  {
    "id": "pack4",
    "type": "regular",
    "name": "정규 부스터 4탄",
    "pricePerPack": 1000,
    "cardsPerPack": 4,
    "packsPerBox": 30,
    "boxesPerCarton": 40,
    "cardPool": [
      { "id": "3001", "rarity": "SR" },
      { "id": "3002", "rarity": "EX" }
    ]
  },
  {
    "id": "pack5",
    "type": "regular",
    "name": "정규 부스터 5탄",
    "pricePerPack": 1000,
    "cardsPerPack": 4,
    "packsPerBox": 30,
    "boxesPerCarton": 40,
    "cardPool": [
      { "id": "4001", "rarity": "SR" },
      { "id": "4002", "rarity": "EX" }
    ]
  },
  {
    "id": "special1",
    "type": "special",
    "name": "특별 부스터 1탄",
    "pricePerPack": 1500,
    "cardsPerPack": 4,
    "packsPerBox": 20,
    "boxesPerCarton": 20,
    "cardPool": [
      { "id": "s001", "rarity": "SR" },
      { "id": "s002", "rarity": "EX" }
    ]
  }
] 