[
  {
    "id": "0001",
    "name": "스탠딩 가드"
  },
  {
    "id": "0002",
    "name": "다운 가드"
  },
  {
    "id": "0003",
    "name": "구르기"
  },
  {
    "id": "0004",
    "name": "점프"
  },
  {
    "id": "0005",
    "name": "대쉬"
  },
  {
    "id": "0006",
    "name": "커팅"
  },
  {
    "id": "0007",
    "name": "카운터 렛"
  },
  {
    "id": "0008",
    "name": "다운 슬래시"
  },
  {
    "id": "0009",
    "name": "세츠메이 킥"
  },
  {
    "id": "0010",
    "name": "세츠 슬래시"
  },
  {
    "id": "0011",
    "name": "캐치 드롭"
  },
  {
    "id": "0012",
    "name": "이판사판태클"
  },
  {
    "id": "0013",
    "name": "백스탭"
  },
  {
    "id": "0014",
    "name": "백스탭"
  },
  {
    "id": "0015",
    "name": "메이슈트"
  },
  {
    "id": "0016",
    "name": "로우 킥"
  },
  {
    "id": "0017",
    "name": "스로킥"
  },
  {
    "id": "0018",
    "name": "랜딩 대거"
  },
  {
    "id": "0019",
    "name": "스플릿 커터"
  },
  {
    "id": "0020",
    "name": "스플릿 커터"
  },
  {
    "id": "0021",
    "name": "앵클 슬라이서"
  },
  {
    "id": "0022",
    "name": "프라이 엔드"
  },
  {
    "id": "0023",
    "name": "훅 브레이커"
  },
  {
    "id": "0024",
    "name": "스매시 훅"
  },
  {
    "id": "0025",
    "name": "대거 스윙"
  },
  {
    "id": "0026",
    "name": "하이킥"
  },
  {
    "id": "0027",
    "name": "프라이 스윙"
  },
  {
    "id": "0028",
    "name": "프라이 스윙"
  },
  {
    "id": "0029",
    "name": "메이 슬라이드"
  },
  {
    "id": "0030",
    "name": "롤링 스피너"
  },
  {
    "id": "0031",
    "name": "세츠메이 롤링"
  },
  {
    "id": "0032",
    "name": "에어 슬래시 킥"
  },
  {
    "id": "0033",
    "name": "기합"
  },
  {
    "id": "0034",
    "name": "임팩트 트리거"
  },
  {
    "id": "0035",
    "name": "플랙시블 닷지"
  },
  {
    "id": "0036",
    "name": "제로-섬"
  },
  {
    "id": "0037",
    "name": "디팽잉 록"
  },
  {
    "id": "0038",
    "name": "패스트 힛"
  },
  {
    "id": "0039",
    "name": "바이퍼 어썰트"
  },
  {
    "id": "0040",
    "name": "오버 리밋"
  },
  {
    "id": "0041",
    "name": "랩 캐츠"
  },
  {
    "id": "0042",
    "name": "캐츠 머핀즈"
  },
  {
    "id": "0043",
    "name": "라이!바운스!"
  },
  {
    "id": "0044",
    "name": "스트로킹"
  },
  {
    "id": "0045",
    "name": "라이!촙!"
  },
  {
    "id": "0046",
    "name": "버스트 레이"
  },
  {
    "id": "0047",
    "name": "라이!레피!봄버!"
  },
  {
    "id": "0048",
    "name": "래피!파이어!"
  },
  {
    "id": "0049",
    "name": "라이!래피!로켓!"
  },
  {
    "id": "0050",
    "name": "니아아앙"
  },
  {
    "id": "0051",
    "name": "레피!스크류!"
  },
  {
    "id": "0052",
    "name": "라이!레피!캐논!"
  },
  {
    "id": "0053",
    "name": "헬프캐쳐"
  },
  {
    "id": "0054",
    "name": "니 부스팅"
  },
  {
    "id": "0055",
    "name": "라이!레피!캐치!"
  },
  {
    "id": "0056",
    "name": "레피!드릴!"
  },
  {
    "id": "0057",
    "name": "프로토콜:익시드"
  },
  {
    "id": "0058",
    "name": "라이!레피!러시!"
  },
  {
    "id": "0059",
    "name": "다운 스탠스"
  },
  {
    "id": "0060",
    "name": "숏 클러치"
  },
  {
    "id": "0061",
    "name": "스트레이트 킥"
  },
  {
    "id": "0062",
    "name": "다운 토스"
  },
  {
    "id": "0063",
    "name": "록 암바"
  },
  {
    "id": "0064",
    "name": "파워 로킥"
  },
  {
    "id": "0065",
    "name": "리벤지 어퍼"
  },
  {
    "id": "0066",
    "name": "델드 밀"
  },
  {
    "id": "0067",
    "name": "레이징 펀치"
  },
  {
    "id": "0068",
    "name": "스카이 스매싱"
  },
  {
    "id": "0069",
    "name": "파키 디펜스"
  },
  {
    "id": "0070",
    "name": "엘보 컷"
  },
  {
    "id": "0071",
    "name": "마운틴 센스"
  },
  {
    "id": "0072",
    "name": "패닝 스턴"
  },
  {
    "id": "0073",
    "name": "포스 패링"
  },
  {
    "id": "0074",
    "name": "템페스트 플립"
  },
  {
    "id": "0075",
    "name": "플래시 잽"
  },
  {
    "id": "0076",
    "name": "브레이크다운"
  },
  {
    "id": "0077",
    "name": "클럽 킥"
  },
  {
    "id": "0078",
    "name": "스트리트 룰"
  },
  {
    "id": "0079",
    "name": "예고"
  },
  {
    "id": "0080",
    "name": "어피어런스 블레이드"
  },
  {
    "id": "0081",
    "name": "벨지언 킥"
  },
  {
    "id": "0082",
    "name": "디트로이트 래빗"
  },
  {
    "id": "0083",
    "name": "키스 슈타이너"
  },
  {
    "id": "0084",
    "name": "시프 기믹"
  },
  {
    "id": "0085",
    "name": "래빗 스탬프"
  },
  {
    "id": "0086",
    "name": "키스 마킹"
  },
  {
    "id": "0087",
    "name": "스틸 배니싱"
  },
  {
    "id": "0088",
    "name": "시크릿 트릭"
  },
  {
    "id": "0089",
    "name": "래빗 일루젼"
  },
  {
    "id": "0090",
    "name": "니어 커팅"
  },
  {
    "id": "0091",
    "name": "버니 잼"
  },
  {
    "id": "0092",
    "name": "미러스 스텝"
  },
  {
    "id": "0093",
    "name": "키싱 유"
  },
  {
    "id": "0094",
    "name": "홍련의 루비에트"
  },
  {
    "id": "0095",
    "name": "크로스 캐치"
  },
  {
    "id": "0096",
    "name": "시크릿 타입"
  },
  {
    "id": "0097",
    "name": "스위치!"
  },
  {
    "id": "0098",
    "name": "스틸 스윙"
  },
  {
    "id": "0099",
    "name": "서풍의 제피르"
  },
  {
    "id": "0100",
    "name": "차지"
  },
  {
    "id": "0101",
    "name": "하이 잽"
  },
  {
    "id": "0102",
    "name": "페니 슬라이드"
  },
  {
    "id": "0103",
    "name": "터닝 와이드"
  },
  {
    "id": "0104",
    "name": "루트킷"
  },
  {
    "id": "0105",
    "name": "차징 스매시"
  },
  {
    "id": "0106",
    "name": "루시드 디거"
  },
  {
    "id": "0107",
    "name": "브레이스윙"
  },
  {
    "id": "0108",
    "name": "백 샷"
  },
  {
    "id": "0109",
    "name": "그라인더 슬링"
  },
  {
    "id": "0110",
    "name": "차징 배리어"
  },
  {
    "id": "0111",
    "name": "배드맨 퍼니시"
  },
  {
    "id": "0112",
    "name": "윙스타"
  },
  {
    "id": "0113",
    "name": "도미네이트"
  },
  {
    "id": "0114",
    "name": "올 인 차지"
  },
  {
    "id": "0115",
    "name": "파워풀 스윕"
  },
  {
    "id": "0116",
    "name": "인스턴트 스매시"
  },
  {
    "id": "0117",
    "name": "기어체인지"
  },
  {
    "id": "0118",
    "name": "스톰브링거"
  },
  {
    "id": "0119",
    "name": "위압"
  },
  {
    "id": "0120",
    "name": "울프 커터"
  },
  {
    "id": "0121",
    "name": "헌팅 헤드"
  },
  {
    "id": "0122",
    "name": "카인 나시스"
  },
  {
    "id": "0123",
    "name": "펜리르 스틱스"
  },
  {
    "id": "0124",
    "name": "썬더 아르틱"
  },
  {
    "id": "0125",
    "name": "울브즈"
  },
  {
    "id": "0126",
    "name": "스트릿 울프"
  },
  {
    "id": "0127",
    "name": "데미스 엔드"
  },
  {
    "id": "0128",
    "name": "채이싱 팽"
  },
  {
    "id": "0129",
    "name": "타뷸라"
  },
  {
    "id": "0130",
    "name": "다이스티드"
  },
  {
    "id": "0131",
    "name": "앱솔루트"
  },
  {
    "id": "0132",
    "name": "제트라이징"
  },
  {
    "id": "0133",
    "name": "컷다운"
  },
  {
    "id": "0134",
    "name": "스태틱 테리토리"
  },
  {
    "id": "0135",
    "name": "데들리 스파크"
  },
  {
    "id": "0136",
    "name": "브루탈 서지"
  },
  {
    "id": "0137",
    "name": "라이트닝 라스"
  },
  {
    "id": "0138",
    "name": "레이 바즈라"
  },
  {
    "id": "0139",
    "name": "매튜드"
  },
  {
    "id": "0140",
    "name": "쉐도우 컷"
  },
  {
    "id": "0141",
    "name": "스피어 주테"
  },
  {
    "id": "0142",
    "name": "폴리에 셰이드"
  },
  {
    "id": "0143",
    "name": "블랙 다트"
  },
  {
    "id": "0144",
    "name": "배드 캐쳐"
  },
  {
    "id": "0145",
    "name": "푸에테 앙 루멘"
  },
  {
    "id": "0146",
    "name": "아리나 바트망"
  },
  {
    "id": "0147",
    "name": "레그 돌"
  },
  {
    "id": "0148",
    "name": "페인 프리즌"
  },
  {
    "id": "0149",
    "name": "쉐프레파라시옹"
  },
  {
    "id": "0150",
    "name": "니들 스파이크"
  },
  {
    "id": "0151",
    "name": "포르티시모"
  },
  {
    "id": "0152",
    "name": "그랑 크레센도"
  },
  {
    "id": "0153",
    "name": "매혹"
  },
  {
    "id": "0154",
    "name": "씬 녹턴"
  },
  {
    "id": "0155",
    "name": "나이트메어 주테"
  },
  {
    "id": "0156",
    "name": "퀵 악센트"
  },
  {
    "id": "0157",
    "name": "블랑 아다지오"
  },
  {
    "id": "0158",
    "name": "쏜 알레그로"
  },
  {
    "id": "0159",
    "name": "장막을 두른 칼날"
  },
  {
    "id": "0160",
    "name": "퀵 알레"
  },
  {
    "id": "0161",
    "name": "새디스틱 힐"
  },
  {
    "id": "0162",
    "name": "에페 코르보"
  },
  {
    "id": "0163",
    "name": "크레센트"
  },
  {
    "id": "0164",
    "name": "마르노메리"
  },
  {
    "id": "0165",
    "name": "플로레종"
  },
  {
    "id": "0166",
    "name": "허퓨즈"
  },
  {
    "id": "0167",
    "name": "사일런트 대거"
  },
  {
    "id": "0168",
    "name": "에트 부 프레"
  },
  {
    "id": "0169",
    "name": "네버모어"
  },
  {
    "id": "0170",
    "name": "레노어 노크"
  },
  {
    "id": "0171",
    "name": "미드나잇"
  },
  {
    "id": "0172",
    "name": "라뉘 블랑쉬"
  },
  {
    "id": "0173",
    "name": "느와르"
  },
  {
    "id": "0174",
    "name": "쿠 드 그라스"
  },
  {
    "id": "0175",
    "name": "검은 깃털"
  },
  {
    "id": "0176",
    "name": "팔괘엔진"
  },
  {
    "id": "0177",
    "name": "부웅권"
  },
  {
    "id": "0178",
    "name": "낙룡각"
  },
  {
    "id": "0179",
    "name": "지룡"
  },
  {
    "id": "0180",
    "name": "호신장"
  },
  {
    "id": "0181",
    "name": "선룡각"
  },
  {
    "id": "0182",
    "name": "연랑"
  },
  {
    "id": "0183",
    "name": "패왕 포효권-동-"
  },
  {
    "id": "0184",
    "name": "하오포포권"
  },
  {
    "id": "0185",
    "name": "교아"
  },
  {
    "id": "0186",
    "name": "패왕포효권-발-"
  },
  {
    "id": "0187",
    "name": "화접"
  },
  {
    "id": "0188",
    "name": "파동포요권"
  },
  {
    "id": "0189",
    "name": "무적풍아륜"
  },
  {
    "id": "0190",
    "name": "음 토큰"
  },
  {
    "id": "0191",
    "name": "양 토큰"
  },
  {
    "id": "0192",
    "name": "레기온"
  },
  {
    "id": "0193",
    "name": "빛의 루멘"
  },
  {
    "id": "0194",
    "name": "암약요권"
  },
  {
    "id": "0195",
    "name": "트윙클 아스타리온"
  },
  {
    "id": "0196",
    "name": "블레이드 오브 상투스"
  },
  {
    "id": "0197",
    "name": "이단처형"
  },
  {
    "id": "0198",
    "name": "스타라이트"
  },
  {
    "id": "0199",
    "name": "흔들리지 않는 충성"
  },
  {
    "id": "0200",
    "name": "약속된 승리를 위하여"
  },
  {
    "id": "0201",
    "name": "강철의 신앙"
  },
  {
    "id": "0202",
    "name": "나의 영혼은 성녀를 위해"
  },
  {
    "id": "0203",
    "name": "가디언"
  },
  {
    "id": "0204",
    "name": "어쌔신"
  },
  {
    "id": "0205",
    "name": "팔라딘"
  },
  {
    "id": "0206",
    "name": "환상의 쟈르갈"
  },
  {
    "id": "0207",
    "name": "매혹의 로돌라"
  },
  {
    "id": "0208",
    "name": "소원의 가온"
  },
  {
    "id": "0209",
    "name": "나찰염희"
  },
  {
    "id": "0210",
    "name": "서드아이"
  },
  {
    "id": "0211",
    "name": "열첨각"
  },
  {
    "id": "0212",
    "name": "극염옥"
  },
  {
    "id": "0213",
    "name": "옥천각"
  },
  {
    "id": "0214",
    "name": "천열구"
  },
  {
    "id": "0215",
    "name": "대차륜퇴"
  },
  {
    "id": "0216",
    "name": "작열대선풍"
  },
  {
    "id": "0217",
    "name": "초성각"
  },
  {
    "id": "0218",
    "name": "염아명경쇄"
  },
  {
    "id": "0219",
    "name": "나찰대염격"
  },
  {
    "id": "0220",
    "name": "나찰극염옥"
  },
  {
    "id": "0221",
    "name": "신사적 대응"
  },
  {
    "id": "0222",
    "name": "오더:하르페"
  },
  {
    "id": "0223",
    "name": "에이전트 허슬"
  },
  {
    "id": "0224",
    "name": "오더:트라이아나"
  },
  {
    "id": "0225",
    "name": "오더:켈베로스"
  },
  {
    "id": "0226",
    "name": "오더:아르게스"
  },
  {
    "id": "0227",
    "name": "오더:스팀팔로스"
  },
  {
    "id": "0228",
    "name": "오더:기가스"
  },
  {
    "id": "0229",
    "name": "극적인 퇴장"
  },
  {
    "id": "0230",
    "name": "판도라 박스"
  },
  {
    "id": "0231",
    "name": "플루스 울트라!!"
  },
  {
    "id": "0232",
    "name": "루트 아스트라"
  },
  {
    "id": "0233",
    "name": "펑키정키"
  },
  {
    "id": "0234",
    "name": "트리키 스텝"
  },
  {
    "id": "0235",
    "name": "데드네우스"
  },
  {
    "id": "0236",
    "name": "디베르티스망"
  },
  {
    "id": "0237",
    "name": "모라스"
  },
  {
    "id": "0238",
    "name": "워킹 리퍼"
  },
  {
    "id": "0239",
    "name": "초급패왕포효권"
  },
  {
    "id": "0240",
    "name": "연환륜"
  },
  {
    "id": "0241",
    "name": "일륜개화"
  },
  {
    "id": "0242",
    "name": "셀레셜 위드"
  },
  {
    "id": "0243",
    "name": "허영제압"
  },
  {
    "id": "0244",
    "name": "트라이얼 슬래시"
  },
  {
    "id": "0245",
    "name": "성운의 일격"
  },
  {
    "id": "0246",
    "name": "불씨"
  },
  {
    "id": "0247",
    "name": "체이싱 팬"
  },
  {
    "id": "0248",
    "name": "코일링 서펜트"
  },
  {
    "id": "0249",
    "name": "컴뱃 센스"
  },
  {
    "id": "0250",
    "name": "래피드 닷지"
  },
  {
    "id": "0260",
    "name": "드리프트 컨버전"
  },
  {
    "id": "0261",
    "name": "죄송합니다아아앗!"
  },
  {
    "id": "0262",
    "name": "단검"
  },
  {
    "id": "0263",
    "name": "라이!레피!블래스트"
  },
  {
    "id": "0264",
    "name": "빅 리버 뱅 브로우"
  },
  {
    "id": "0265",
    "name": "일루전 페스티벌"
  },
  {
    "id": "0266",
    "name": "테이스팅"
  },
  {
    "id": "0267",
    "name": "기괴한 탄생"
  },
  {
    "id": "0268",
    "name": "피의 잔향"
  },
  {
    "id": "0269",
    "name": "새비지 블레이드"
  },
  {
    "id": "0270",
    "name": "메르헨 아라베스크"
  },
  {
    "id": "0271",
    "name": "벤전스"
  },
  {
    "id": "0272",
    "name": "음극 나선축퇴권"
  },
  {
    "id": "0273",
    "name": "호러블 킨드레드"
  },
  {
    "id": "0274",
    "name": "라이튼 오더"
  },
  {
    "id": "0275",
    "name": "초염상룡권"
  },
  {
    "id": "0275",
    "name": "오더:아리아드네"
  },
  {
    "id": "0276",
    "name": "언쥬어"
  },
  {
    "id": "0277",
    "name": "양극 유성연섬권"
  },
  {
    "id": "0278",
    "name": "블레싱 윙크"
  },
  {
    "id": "0279",
    "name": "크라우칭 스타트"
  },
  {
    "id": "0280",
    "name": "오더:하피"
  },
  {
    "id": "0281",
    "name": "애플 하트"
  },
  {
    "id": "0282",
    "name": "어딕티드"
  },

  {
    "id": "0283",
    "name": "디자이어 키스"
  },
  {
    "id": "0284",
    "name": "오컴 나이프"
  },
  {
    "id": "0285",
    "name": "수류포"
  },
  {
    "id": "0286",
    "name": "샤프 마인드"
  },
  {
    "id": "0287",
    "name": "구사일생"
  },
  {
    "id": "0288",
    "name": "카운터 슬래시"
  },
  {
    "id": "0289",
    "name": "맞춤 재단"
  },
  {
    "id": "0290",
    "name": "스칼렛 기요틴"
  },
  {
    "id": "0291",
    "name": "블러드 메이든"
  },
  {
    "id": "0292",
    "name": "여제의 영역"
  },
  {
    "id": "0293",
    "name": "그랜드 레기온즈"
  },
  {
    "id": "0294",
    "name": "아라크네포비아"
  },
  {
    "id": "0295",
    "name": "피의 만찬"
  },
  {
    "id": "0296",
    "name": "거미"
  },
  {
    "id": "0297",
    "name": "예지"
  }
  
] 